<?xml version="1.0" encoding="iso-8859-1"?>
<pnml>
<net id="Net-One" type="P/T net">
<place id="P0">
<graphics>
<position x="135.0" y="120.0"/>
</graphics>
<name>
<value>P0</value>
<graphics/>
</name>
<initialMarking>
<value>2</value>
<graphics/>
</initialMarking>
</place>
<place id="P1">
<graphics>
<position x="375.0" y="120.0"/>
</graphics>
<name>
<value>P1</value>
<graphics/>
</name>
<initialMarking>
<value>0</value>
<graphics/>
</initialMarking>
</place>
<place id="P2">
<graphics>
<position x="255.0" y="315.0"/>
</graphics>
<name>
<value>P2</value>
<graphics/>
</name>
<initialMarking>
<value>0</value>
<graphics/>
</initialMarking>
</place>
<transition id="T0">
<graphics>
<position x="255.0" y="120.0"/>
</graphics>
<name>
<value>T0</value>
<graphics/>
</name>
<orientation>
<value>0</value>
</orientation>
<rate>
<value>1.0</value>
</rate>
<timed>
<value>true</value>
</timed>
</transition>
<transition id="T1">
<graphics>
<position x="330.0" y="225.0"/>
</graphics>
<name>
<value>T1</value>
<graphics/>
</name>
<orientation>
<value>135</value>
</orientation>
<rate>
<value>1.0</value>
</rate>
<timed>
<value>true</value>
</timed>
</transition>
<transition id="T2">
<graphics>
<position x="180.0" y="225.0"/>
</graphics>
<name>
<value>T2</value>
<graphics/>
</name>
<orientation>
<value>45</value>
</orientation>
<rate>
<value>1.0</value>
</rate>
<timed>
<value>true</value>
</timed>
</transition>
<arc id="P0 to T0" source="P0" target="T0">
<graphics/>
<inscription>
<value>1</value>
<graphics/>
</inscription>
<arcpath id="000" x="160" y="131" curvePoint="false"/>
<arcpath id="001" x="260" y="131" curvePoint="false"/>
</arc>
<arc id="P1 to T1" source="P1" target="T1">
<graphics/>
<inscription>
<value>1</value>
<graphics/>
</inscription>
<arcpath id="000" x="380" y="144" curvePoint="false"/>
<arcpath id="001" x="344" y="231" curvePoint="false"/>
</arc>
<arc id="P2 to T2" source="P2" target="T2">
<graphics/>
<inscription>
<value>1</value>
<graphics/>
</inscription>
<arcpath id="000" x="256" y="314" curvePoint="false"/>
<arcpath id="001" x="194" y="239" curvePoint="false"/>
</arc>
<arc id="T0 to P1" source="T0" target="P1">
<graphics/>
<inscription>
<value>1</value>
<graphics/>
</inscription>
<arcpath id="000" x="270" y="131" curvePoint="false"/>
<arcpath id="001" x="371" y="131" curvePoint="false"/>
</arc>
<arc id="T1 to P2" source="T1" target="P2">
<graphics/>
<inscription>
<value>1</value>
<graphics/>
</inscription>
<arcpath id="000" x="337" y="239" curvePoint="false"/>
<arcpath id="001" x="275" y="314" curvePoint="false"/>
</arc>
<arc id="T2 to P0" source="T2" target="P0">
<graphics/>
<inscription>
<value>1</value>
<graphics/>
</inscription>
<arcpath id="000" x="186" y="232" curvePoint="false"/>
<arcpath id="001" x="151" y="144" curvePoint="false"/>
</arc>
</net>
</pnml>
